[
  {
    "State":"Alabama",
    "Population":5091382,
    "TotalViolentCrimes":172059,
    "CrimeRate":3379.41
  },
  {
    "State":"Alaska",
    "Population":733494,
    "TotalViolentCrimes":29158,
    "CrimeRate":3975.28
  },
  {
    "State":"Arizona",
    "Population":7395270,
    "TotalViolentCrimes":220755,
    "CrimeRate":2985.09
  },
  {
    "State":"Arkansas",
    "Population":3056684,
    "TotalViolentCrimes":126190,
    "CrimeRate":4128.34
  },
  {
    "State":"California",
    "Population":38997268,
    "TotalViolentCrimes":956837,
    "CrimeRate":2453.6
  },
  {
    "State":"Colorado",
    "Population":5858768,
    "TotalViolentCrimes":141709,
    "CrimeRate":2418.75
  },
  {
    "State":"Connecticut",
    "Population":3621690,
    "TotalViolentCrimes":61399,
    "CrimeRate":1695.32
  },
  {
    "State":"Delaware",
    "Population":1025143,
    "TotalViolentCrimes":32388,
    "CrimeRate":3159.36
  },
  {
    "State":"Florida",
    "Population":22427774,
    "TotalViolentCrimes":516552,
    "CrimeRate":2303.18
  },
  {
    "State":"Georgia",
    "Population":10971052,
    "TotalViolentCrimes":296160,
    "CrimeRate":2699.47
  },
  {
    "State":"Hawaii",
    "Population":1437667,
    "TotalViolentCrimes":33994,
    "CrimeRate":2364.51
  },
  {
    "State":"Idaho",
    "Population":1951880,
    "TotalViolentCrimes":35477,
    "CrimeRate":1817.58
  },
  {
    "State":"Illinois",
    "Population":12565860,
    "TotalViolentCrimes":441313,
    "CrimeRate":3512.0
  },
  {
    "State":"Indiana",
    "Population":6847618,
    "TotalViolentCrimes":184150,
    "CrimeRate":2689.25
  },
  {
    "State":"Iowa",
    "Population":3203760,
    "TotalViolentCrimes":68491,
    "CrimeRate":2137.84
  },
  {
    "State":"Kansas",
    "Population":2938848,
    "TotalViolentCrimes":99624,
    "CrimeRate":3389.9
  },
  {
    "State":"Kentucky",
    "Population":4519232,
    "TotalViolentCrimes":90666,
    "CrimeRate":2006.22
  },
  {
    "State":"Louisiana",
    "Population":4581995,
    "TotalViolentCrimes":165570,
    "CrimeRate":3613.5
  },
  {
    "State":"Maine",
    "Population":1390531,
    "TotalViolentCrimes":25456,
    "CrimeRate":1830.67
  },
  {
    "State":"Maryland",
    "Population":6172456,
    "TotalViolentCrimes":167457,
    "CrimeRate":2712.97
  },
  {
    "State":"Massachusetts",
    "Population":6991686,
    "TotalViolentCrimes":147173,
    "CrimeRate":2104.97
  },
  {
    "State":"Michigan",
    "Population":10035687,
    "TotalViolentCrimes":334644,
    "CrimeRate":3334.54
  },
  {
    "State":"Minnesota",
    "Population":5727550,
    "TotalViolentCrimes":96996,
    "CrimeRate":1693.5
  },
  {
    "State":"Mississippi",
    "Population":2939874,
    "TotalViolentCrimes":74037,
    "CrimeRate":2518.39
  },
  {
    "State":"Missouri",
    "Population":6187056,
    "TotalViolentCrimes":177878,
    "CrimeRate":2875.01
  },
  {
    "State":"Montana",
    "Population":1127840,
    "TotalViolentCrimes":28499,
    "CrimeRate":2526.87
  },
  {
    "State":"Nebraska",
    "Population":1973151,
    "TotalViolentCrimes":49832,
    "CrimeRate":2525.48
  },
  {
    "State":"Nevada",
    "Population":3185974,
    "TotalViolentCrimes":128993,
    "CrimeRate":4048.77
  },
  {
    "State":"New Hampshire",
    "Population":1398642,
    "TotalViolentCrimes":28564,
    "CrimeRate":2042.28
  },
  {
    "State":"New Jersey",
    "Population":9276270,
    "TotalViolentCrimes":164093,
    "CrimeRate":1768.95
  },
  {
    "State":"New Mexico",
    "Population":2113858,
    "TotalViolentCrimes":90798,
    "CrimeRate":4295.35
  },
  {
    "State":"New York",
    "Population":19624184,
    "TotalViolentCrimes":511290,
    "CrimeRate":2605.41
  },
  {
    "State":"North Carolina",
    "Population":10767232,
    "TotalViolentCrimes":307641,
    "CrimeRate":2857.2
  },
  {
    "State":"North Dakota",
    "Population":781594,
    "TotalViolentCrimes":23663,
    "CrimeRate":3027.48
  },
  {
    "State":"Ohio",
    "Population":11770996,
    "TotalViolentCrimes":352209,
    "CrimeRate":2992.18
  },
  {
    "State":"Oklahoma",
    "Population":4036812,
    "TotalViolentCrimes":130019,
    "CrimeRate":3220.84
  },
  {
    "State":"Oregon",
    "Population":4236748,
    "TotalViolentCrimes":85809,
    "CrimeRate":2025.34
  },
  {
    "State":"Pennsylvania",
    "Population":12966846,
    "TotalViolentCrimes":253525,
    "CrimeRate":1955.18
  },
  {
    "State":"Rhode Island",
    "Population":1094848,
    "TotalViolentCrimes":18366,
    "CrimeRate":1677.53
  },
  {
    "State":"South Carolina",
    "Population":5328094,
    "TotalViolentCrimes":193536,
    "CrimeRate":3632.36
  },
  {
    "State":"South Dakota",
    "Population":914571,
    "TotalViolentCrimes":29680,
    "CrimeRate":3245.25
  },
  {
    "State":"Tennessee",
    "Population":7088914,
    "TotalViolentCrimes":287916,
    "CrimeRate":4061.5
  },
  {
    "State":"Texas",
    "Population":30266436,
    "TotalViolentCrimes":952346,
    "CrimeRate":3146.54
  },
  {
    "State":"Utah",
    "Population":3399267,
    "TotalViolentCrimes":72948,
    "CrimeRate":2145.98
  },
  {
    "State":"Vermont",
    "Population":647264,
    "TotalViolentCrimes":7837,
    "CrimeRate":1210.85
  },
  {
    "State":"Virginia",
    "Population":8699658,
    "TotalViolentCrimes":216649,
    "CrimeRate":2490.32
  },
  {
    "State":"Washington",
    "Population":7799333,
    "TotalViolentCrimes":179852,
    "CrimeRate":2305.99
  },
  {
    "State":"West Virginia",
    "Population":1772614,
    "TotalViolentCrimes":34839,
    "CrimeRate":1965.38
  },
  {
    "State":"Wisconsin",
    "Population":5901747,
    "TotalViolentCrimes":100773,
    "CrimeRate":1707.51
  },
  {
    "State":"Wyoming",
    "Population":582719,
    "TotalViolentCrimes":14756,
    "CrimeRate":2532.22
  }
]