[
  {
    "State":"Alabama",
    "AvgMedianPrice":271826.0869565217
  },
  {
    "State":"Alaska",
    "AvgMedianPrice":355260.8695652174
  },
  {
    "State":"Arizona",
    "AvgMedianPrice":433869.5652173913
  },
  {
    "State":"Arkansas",
    "AvgMedianPrice":238652.1739130435
  },
  {
    "State":"California",
    "AvgMedianPrice":770260.8695652174
  },
  {
    "State":"Colorado",
    "AvgMedianPrice":581608.6956521739
  },
  {
    "State":"Columbia",
    "AvgMedianPrice":643391.3043478261
  },
  {
    "State":"Connecticut",
    "AvgMedianPrice":373869.5652173913
  },
  {
    "State":"Delaware",
    "AvgMedianPrice":321391.3043478261
  },
  {
    "State":"Florida",
    "AvgMedianPrice":395826.0869565217
  },
  {
    "State":"Georgia",
    "AvgMedianPrice":355347.8260869565
  },
  {
    "State":"Hawaii",
    "AvgMedianPrice":712521.7391304348
  },
  {
    "State":"Idaho",
    "AvgMedianPrice":473391.3043478261
  },
  {
    "State":"Illinois",
    "AvgMedianPrice":265521.7391304348
  },
  {
    "State":"Indiana",
    "AvgMedianPrice":241260.8695652174
  },
  {
    "State":"Iowa",
    "AvgMedianPrice":217391.3043478261
  },
  {
    "State":"Kansas",
    "AvgMedianPrice":261652.1739130435
  },
  {
    "State":"Kentucky",
    "AvgMedianPrice":241913.0434782609
  },
  {
    "State":"Louisiana",
    "AvgMedianPrice":243695.6521739131
  },
  {
    "State":"Maine",
    "AvgMedianPrice":357173.9130434783
  },
  {
    "State":"Maryland",
    "AvgMedianPrice":398130.4347826087
  },
  {
    "State":"Massachusetts",
    "AvgMedianPrice":581695.6521739131
  },
  {
    "State":"Michigan",
    "AvgMedianPrice":239260.8695652174
  },
  {
    "State":"Minnesota",
    "AvgMedianPrice":333565.2173913043
  },
  {
    "State":"Mississippi",
    "AvgMedianPrice":242434.7826086956
  },
  {
    "State":"Missouri",
    "AvgMedianPrice":244130.4347826087
  },
  {
    "State":"Montana",
    "AvgMedianPrice":494130.4347826087
  },
  {
    "State":"Nebraska",
    "AvgMedianPrice":271652.1739130435
  },
  {
    "State":"Nevada",
    "AvgMedianPrice":435478.2608695652
  },
  {
    "State":"New Hampshire",
    "AvgMedianPrice":431565.2173913043
  },
  {
    "State":"New Jersey",
    "AvgMedianPrice":459130.4347826087
  },
  {
    "State":"New Mexico",
    "AvgMedianPrice":319782.6086956522
  },
  {
    "State":"New York",
    "AvgMedianPrice":512217.3913043478
  },
  {
    "State":"North Carolina",
    "AvgMedianPrice":357521.7391304348
  },
  {
    "State":"North Dakota",
    "AvgMedianPrice":253869.5652173913
  },
  {
    "State":"Ohio",
    "AvgMedianPrice":225130.4347826087
  },
  {
    "State":"Oklahoma",
    "AvgMedianPrice":232260.8695652174
  },
  {
    "State":"Oregon",
    "AvgMedianPrice":500521.7391304348
  },
  {
    "State":"Pennsylvania",
    "AvgMedianPrice":269565.2173913043
  },
  {
    "State":"Rhode Island",
    "AvgMedianPrice":434695.652173913
  },
  {
    "State":"South Carolina",
    "AvgMedianPrice":356521.7391304348
  },
  {
    "State":"South Dakota",
    "AvgMedianPrice":303782.6086956522
  },
  {
    "State":"Tennessee",
    "AvgMedianPrice":363043.4782608696
  },
  {
    "State":"Texas",
    "AvgMedianPrice":346521.7391304348
  },
  {
    "State":"Utah",
    "AvgMedianPrice":535826.0869565217
  },
  {
    "State":"Vermont",
    "AvgMedianPrice":367869.5652173913
  },
  {
    "State":"Virginia",
    "AvgMedianPrice":410000.0
  },
  {
    "State":"Washington",
    "AvgMedianPrice":605043.4782608695
  },
  {
    "State":"West Virginia",
    "AvgMedianPrice":231695.6521739131
  },
  {
    "State":"Wisconsin",
    "AvgMedianPrice":279347.8260869565
  },
  {
    "State":"Wyoming",
    "AvgMedianPrice":409173.9130434783
  }
]