[
  {
    "State":"Alabama",
    "AvgMedianPrice":271826.0869565217,
    "Population":5091382,
    "TotalViolentCrimes":172059,
    "CrimeRate":3379.41,
    "CrimeRank":10,
    "PriceRank":34,
    "CrimesPerDollar":0.012432
  },
  {
    "State":"Alaska",
    "AvgMedianPrice":355260.8695652174,
    "Population":733494,
    "TotalViolentCrimes":29158,
    "CrimeRate":3975.28,
    "CrimeRank":5,
    "PriceRank":27,
    "CrimesPerDollar":0.01119
  },
  {
    "State":"Arizona",
    "AvgMedianPrice":433869.5652173913,
    "Population":7395270,
    "TotalViolentCrimes":220755,
    "CrimeRate":2985.09,
    "CrimeRank":18,
    "PriceRank":14,
    "CrimesPerDollar":0.00688
  },
  {
    "State":"Arkansas",
    "AvgMedianPrice":238652.1739130435,
    "Population":3056684,
    "TotalViolentCrimes":126190,
    "CrimeRate":4128.34,
    "CrimeRank":2,
    "PriceRank":46,
    "CrimesPerDollar":0.017299
  },
  {
    "State":"California",
    "AvgMedianPrice":770260.8695652174,
    "Population":38997268,
    "TotalViolentCrimes":956837,
    "CrimeRate":2453.6,
    "CrimeRank":30,
    "PriceRank":1,
    "CrimesPerDollar":0.003185
  },
  {
    "State":"Colorado",
    "AvgMedianPrice":581608.6956521739,
    "Population":5858768,
    "TotalViolentCrimes":141709,
    "CrimeRate":2418.75,
    "CrimeRank":31,
    "PriceRank":5,
    "CrimesPerDollar":0.004159
  },
  {
    "State":"Connecticut",
    "AvgMedianPrice":373869.5652173913,
    "Population":3621690,
    "TotalViolentCrimes":61399,
    "CrimeRate":1695.32,
    "CrimeRank":47,
    "PriceRank":20,
    "CrimesPerDollar":0.004535
  },
  {
    "State":"Delaware",
    "AvgMedianPrice":321391.3043478261,
    "Population":1025143,
    "TotalViolentCrimes":32388,
    "CrimeRate":3159.36,
    "CrimeRank":14,
    "PriceRank":30,
    "CrimesPerDollar":0.00983
  },
  {
    "State":"Florida",
    "AvgMedianPrice":395826.0869565217,
    "Population":22427774,
    "TotalViolentCrimes":516552,
    "CrimeRate":2303.18,
    "CrimeRank":34,
    "PriceRank":19,
    "CrimesPerDollar":0.005819
  },
  {
    "State":"Georgia",
    "AvgMedianPrice":355347.8260869565,
    "Population":10971052,
    "TotalViolentCrimes":296160,
    "CrimeRate":2699.47,
    "CrimeRank":22,
    "PriceRank":26,
    "CrimesPerDollar":0.007597
  },
  {
    "State":"Hawaii",
    "AvgMedianPrice":712521.7391304348,
    "Population":1437667,
    "TotalViolentCrimes":33994,
    "CrimeRate":2364.51,
    "CrimeRank":32,
    "PriceRank":2,
    "CrimesPerDollar":0.003319
  },
  {
    "State":"Idaho",
    "AvgMedianPrice":473391.3043478261,
    "Population":1951880,
    "TotalViolentCrimes":35477,
    "CrimeRate":1817.58,
    "CrimeRank":44,
    "PriceRank":10,
    "CrimesPerDollar":0.003839
  },
  {
    "State":"Illinois",
    "AvgMedianPrice":265521.7391304348,
    "Population":12565860,
    "TotalViolentCrimes":441313,
    "CrimeRate":3512.0,
    "CrimeRank":8,
    "PriceRank":37,
    "CrimesPerDollar":0.013227
  },
  {
    "State":"Indiana",
    "AvgMedianPrice":241260.8695652174,
    "Population":6847618,
    "TotalViolentCrimes":184150,
    "CrimeRate":2689.25,
    "CrimeRank":23,
    "PriceRank":44,
    "CrimesPerDollar":0.011147
  },
  {
    "State":"Iowa",
    "AvgMedianPrice":217391.3043478261,
    "Population":3203760,
    "TotalViolentCrimes":68491,
    "CrimeRate":2137.84,
    "CrimeRank":36,
    "PriceRank":50,
    "CrimesPerDollar":0.009834
  },
  {
    "State":"Kansas",
    "AvgMedianPrice":261652.1739130435,
    "Population":2938848,
    "TotalViolentCrimes":99624,
    "CrimeRate":3389.9,
    "CrimeRank":9,
    "PriceRank":38,
    "CrimesPerDollar":0.012956
  },
  {
    "State":"Kentucky",
    "AvgMedianPrice":241913.0434782609,
    "Population":4519232,
    "TotalViolentCrimes":90666,
    "CrimeRate":2006.22,
    "CrimeRank":40,
    "PriceRank":43,
    "CrimesPerDollar":0.008293
  },
  {
    "State":"Louisiana",
    "AvgMedianPrice":243695.6521739131,
    "Population":4581995,
    "TotalViolentCrimes":165570,
    "CrimeRate":3613.5,
    "CrimeRank":7,
    "PriceRank":41,
    "CrimesPerDollar":0.014828
  },
  {
    "State":"Maine",
    "AvgMedianPrice":357173.9130434783,
    "Population":1390531,
    "TotalViolentCrimes":25456,
    "CrimeRate":1830.67,
    "CrimeRank":43,
    "PriceRank":24,
    "CrimesPerDollar":0.005125
  },
  {
    "State":"Maryland",
    "AvgMedianPrice":398130.4347826087,
    "Population":6172456,
    "TotalViolentCrimes":167457,
    "CrimeRate":2712.97,
    "CrimeRank":21,
    "PriceRank":18,
    "CrimesPerDollar":0.006814
  },
  {
    "State":"Massachusetts",
    "AvgMedianPrice":581695.6521739131,
    "Population":6991686,
    "TotalViolentCrimes":147173,
    "CrimeRate":2104.97,
    "CrimeRank":37,
    "PriceRank":4,
    "CrimesPerDollar":0.003619
  },
  {
    "State":"Michigan",
    "AvgMedianPrice":239260.8695652174,
    "Population":10035687,
    "TotalViolentCrimes":334644,
    "CrimeRate":3334.54,
    "CrimeRank":11,
    "PriceRank":45,
    "CrimesPerDollar":0.013937
  },
  {
    "State":"Minnesota",
    "AvgMedianPrice":333565.2173913043,
    "Population":5727550,
    "TotalViolentCrimes":96996,
    "CrimeRate":1693.5,
    "CrimeRank":48,
    "PriceRank":29,
    "CrimesPerDollar":0.005077
  },
  {
    "State":"Mississippi",
    "AvgMedianPrice":242434.7826086956,
    "Population":2939874,
    "TotalViolentCrimes":74037,
    "CrimeRate":2518.39,
    "CrimeRank":28,
    "PriceRank":42,
    "CrimesPerDollar":0.010388
  },
  {
    "State":"Missouri",
    "AvgMedianPrice":244130.4347826087,
    "Population":6187056,
    "TotalViolentCrimes":177878,
    "CrimeRate":2875.01,
    "CrimeRank":19,
    "PriceRank":40,
    "CrimesPerDollar":0.011777
  },
  {
    "State":"Montana",
    "AvgMedianPrice":494130.4347826087,
    "Population":1127840,
    "TotalViolentCrimes":28499,
    "CrimeRate":2526.87,
    "CrimeRank":26,
    "PriceRank":9,
    "CrimesPerDollar":0.005114
  },
  {
    "State":"Nebraska",
    "AvgMedianPrice":271652.1739130435,
    "Population":1973151,
    "TotalViolentCrimes":49832,
    "CrimeRate":2525.48,
    "CrimeRank":27,
    "PriceRank":35,
    "CrimesPerDollar":0.009297
  },
  {
    "State":"Nevada",
    "AvgMedianPrice":435478.2608695652,
    "Population":3185974,
    "TotalViolentCrimes":128993,
    "CrimeRate":4048.77,
    "CrimeRank":4,
    "PriceRank":12,
    "CrimesPerDollar":0.009297
  },
  {
    "State":"New Hampshire",
    "AvgMedianPrice":431565.2173913043,
    "Population":1398642,
    "TotalViolentCrimes":28564,
    "CrimeRate":2042.28,
    "CrimeRank":38,
    "PriceRank":15,
    "CrimesPerDollar":0.004732
  },
  {
    "State":"New Jersey",
    "AvgMedianPrice":459130.4347826087,
    "Population":9276270,
    "TotalViolentCrimes":164093,
    "CrimeRate":1768.95,
    "CrimeRank":45,
    "PriceRank":11,
    "CrimesPerDollar":0.003853
  },
  {
    "State":"New Mexico",
    "AvgMedianPrice":319782.6086956522,
    "Population":2113858,
    "TotalViolentCrimes":90798,
    "CrimeRate":4295.35,
    "CrimeRank":1,
    "PriceRank":31,
    "CrimesPerDollar":0.013432
  },
  {
    "State":"New York",
    "AvgMedianPrice":512217.3913043478,
    "Population":19624184,
    "TotalViolentCrimes":511290,
    "CrimeRate":2605.41,
    "CrimeRank":24,
    "PriceRank":7,
    "CrimesPerDollar":0.005087
  },
  {
    "State":"North Carolina",
    "AvgMedianPrice":357521.7391304348,
    "Population":10767232,
    "TotalViolentCrimes":307641,
    "CrimeRate":2857.2,
    "CrimeRank":20,
    "PriceRank":23,
    "CrimesPerDollar":0.007992
  },
  {
    "State":"North Dakota",
    "AvgMedianPrice":253869.5652173913,
    "Population":781594,
    "TotalViolentCrimes":23663,
    "CrimeRate":3027.48,
    "CrimeRank":16,
    "PriceRank":39,
    "CrimesPerDollar":0.011925
  },
  {
    "State":"Ohio",
    "AvgMedianPrice":225130.4347826087,
    "Population":11770996,
    "TotalViolentCrimes":352209,
    "CrimeRate":2992.18,
    "CrimeRank":17,
    "PriceRank":49,
    "CrimesPerDollar":0.013291
  },
  {
    "State":"Oklahoma",
    "AvgMedianPrice":232260.8695652174,
    "Population":4036812,
    "TotalViolentCrimes":130019,
    "CrimeRate":3220.84,
    "CrimeRank":13,
    "PriceRank":47,
    "CrimesPerDollar":0.013867
  },
  {
    "State":"Oregon",
    "AvgMedianPrice":500521.7391304348,
    "Population":4236748,
    "TotalViolentCrimes":85809,
    "CrimeRate":2025.34,
    "CrimeRank":39,
    "PriceRank":8,
    "CrimesPerDollar":0.004046
  },
  {
    "State":"Pennsylvania",
    "AvgMedianPrice":269565.2173913043,
    "Population":12966846,
    "TotalViolentCrimes":253525,
    "CrimeRate":1955.18,
    "CrimeRank":42,
    "PriceRank":36,
    "CrimesPerDollar":0.007253
  },
  {
    "State":"Rhode Island",
    "AvgMedianPrice":434695.652173913,
    "Population":1094848,
    "TotalViolentCrimes":18366,
    "CrimeRate":1677.53,
    "CrimeRank":49,
    "PriceRank":13,
    "CrimesPerDollar":0.003859
  },
  {
    "State":"South Carolina",
    "AvgMedianPrice":356521.7391304348,
    "Population":5328094,
    "TotalViolentCrimes":193536,
    "CrimeRate":3632.36,
    "CrimeRank":6,
    "PriceRank":25,
    "CrimesPerDollar":0.010188
  },
  {
    "State":"South Dakota",
    "AvgMedianPrice":303782.6086956522,
    "Population":914571,
    "TotalViolentCrimes":29680,
    "CrimeRate":3245.25,
    "CrimeRank":12,
    "PriceRank":32,
    "CrimesPerDollar":0.010683
  },
  {
    "State":"Tennessee",
    "AvgMedianPrice":363043.4782608696,
    "Population":7088914,
    "TotalViolentCrimes":287916,
    "CrimeRate":4061.5,
    "CrimeRank":3,
    "PriceRank":22,
    "CrimesPerDollar":0.011187
  },
  {
    "State":"Texas",
    "AvgMedianPrice":346521.7391304348,
    "Population":30266436,
    "TotalViolentCrimes":952346,
    "CrimeRate":3146.54,
    "CrimeRank":15,
    "PriceRank":28,
    "CrimesPerDollar":0.00908
  },
  {
    "State":"Utah",
    "AvgMedianPrice":535826.0869565217,
    "Population":3399267,
    "TotalViolentCrimes":72948,
    "CrimeRate":2145.98,
    "CrimeRank":35,
    "PriceRank":6,
    "CrimesPerDollar":0.004005
  },
  {
    "State":"Vermont",
    "AvgMedianPrice":367869.5652173913,
    "Population":647264,
    "TotalViolentCrimes":7837,
    "CrimeRate":1210.85,
    "CrimeRank":50,
    "PriceRank":21,
    "CrimesPerDollar":0.003292
  },
  {
    "State":"Virginia",
    "AvgMedianPrice":410000.0,
    "Population":8699658,
    "TotalViolentCrimes":216649,
    "CrimeRate":2490.32,
    "CrimeRank":29,
    "PriceRank":16,
    "CrimesPerDollar":0.006074
  },
  {
    "State":"Washington",
    "AvgMedianPrice":605043.4782608695,
    "Population":7799333,
    "TotalViolentCrimes":179852,
    "CrimeRate":2305.99,
    "CrimeRank":33,
    "PriceRank":3,
    "CrimesPerDollar":0.003811
  },
  {
    "State":"West Virginia",
    "AvgMedianPrice":231695.6521739131,
    "Population":1772614,
    "TotalViolentCrimes":34839,
    "CrimeRate":1965.38,
    "CrimeRank":41,
    "PriceRank":48,
    "CrimesPerDollar":0.008483
  },
  {
    "State":"Wisconsin",
    "AvgMedianPrice":279347.8260869565,
    "Population":5901747,
    "TotalViolentCrimes":100773,
    "CrimeRate":1707.51,
    "CrimeRank":46,
    "PriceRank":33,
    "CrimesPerDollar":0.006112
  },
  {
    "State":"Wyoming",
    "AvgMedianPrice":409173.9130434783,
    "Population":582719,
    "TotalViolentCrimes":14756,
    "CrimeRate":2532.22,
    "CrimeRank":25,
    "PriceRank":17,
    "CrimesPerDollar":0.006189
  }
]